{
    "name": "root",
    "metadata": {
        "timer_format_version": "0.1.0",
        "start_time_seconds": "1718309157",
        "python_version": "3.8.10 (tags/v3.8.10:3d8993a, May  3 2021, 11:48:03) [MSC v.1928 64 bit (AMD64)]",
        "command_line_arguments": "C:\\UnityProjects\\AI Snake\\venv\\Scripts\\mlagents-learn config/snake.yaml --run-id=SnakeImitation4",
        "mlagents_version": "0.29.0",
        "mlagents_envs_version": "0.29.0",
        "communication_protocol_version": "1.5.0",
        "pytorch_version": "1.7.0+cu110",
        "numpy_version": "1.21.2",
        "end_time_seconds": "1718309174"
    },
    "total": 17.152530600000002,
    "count": 1,
    "self": 0.0030149000000001536,
    "children": {
        "run_training.setup": {
            "total": 0.05124529999999994,
            "count": 1,
            "self": 0.05124529999999994
        },
        "TrainerController.start_learning": {
            "total": 17.0982704,
            "count": 1,
            "self": 0.017529599999939194,
            "children": {
                "TrainerController._reset_env": {
                    "total": 6.324846,
                    "count": 1,
                    "self": 6.324846
                },
                "TrainerController.advance": {
                    "total": 10.715905700000063,
                    "count": 2053,
                    "self": 0.014768900000031948,
                    "children": {
                        "env_step": {
                            "total": 8.247946600000017,
                            "count": 2053,
                            "self": 6.245706700000006,
                            "children": {
                                "SubprocessEnvManager._take_step": {
                                    "total": 1.9917096000000063,
                                    "count": 2053,
                                    "self": 0.04519550000003125,
                                    "children": {
                                        "TorchPolicy.evaluate": {
                                            "total": 1.946514099999975,
                                            "count": 1744,
                                            "self": 0.8631180999999657,
                                            "children": {
                                                "TorchPolicy.sample_actions": {
                                                    "total": 1.0833960000000094,
                                                    "count": 1744,
                                                    "self": 1.0833960000000094
                                                }
                                            }
                                        }
                                    }
                                },
                                "workers": {
                                    "total": 0.010530300000004544,
                                    "count": 2052,
                                    "self": 0.0,
                                    "children": {
                                        "worker_root": {
                                            "total": 9.830290899999945,
                                            "count": 2052,
                                            "is_parallel": true,
                                            "self": 6.033396799999916,
                                            "children": {
                                                "steps_from_proto": {
                                                    "total": 0.0002522000000002578,
                                                    "count": 1,
                                                    "is_parallel": true,
                                                    "self": 0.00010330000000013939,
                                                    "children": {
                                                        "_process_rank_one_or_two_observation": {
                                                            "total": 0.00014890000000011838,
                                                            "count": 2,
                                                            "is_parallel": true,
                                                            "self": 0.00014890000000011838
                                                        }
                                                    }
                                                },
                                                "UnityEnvironment.step": {
                                                    "total": 3.7966419000000284,
                                                    "count": 2052,
                                                    "is_parallel": true,
                                                    "self": 0.07025229999996885,
                                                    "children": {
                                                        "UnityEnvironment._generate_step_input": {
                                                            "total": 0.0543957000000459,
                                                            "count": 2052,
                                                            "is_parallel": true,
                                                            "self": 0.0543957000000459
                                                        },
                                                        "communicator.exchange": {
                                                            "total": 3.488876000000003,
                                                            "count": 2052,
                                                            "is_parallel": true,
                                                            "self": 3.488876000000003
                                                        },
                                                        "steps_from_proto": {
                                                            "total": 0.1831179000000107,
                                                            "count": 2052,
                                                            "is_parallel": true,
                                                            "self": 0.09452280000002133,
                                                            "children": {
                                                                "_process_rank_one_or_two_observation": {
                                                                    "total": 0.08859509999998938,
                                                                    "count": 4104,
                                                                    "is_parallel": true,
                                                                    "self": 0.08859509999998938
                                                                }
                                                            }
                                                        }
                                                    }
                                                }
                                            }
                                        }
                                    }
                                }
                            }
                        },
                        "trainer_advance": {
                            "total": 2.453190200000014,
                            "count": 2052,
                            "self": 0.016751400000058148,
                            "children": {
                                "process_trajectory": {
                                    "total": 0.5511309999999616,
                                    "count": 2052,
                                    "self": 0.5511309999999616
                                },