{
    "name": "root",
    "gauges": {
        "Snake.Policy.Entropy.mean": {
            "value": 0.20228905975818634,
            "min": 0.20228905975818634,
            "max": 0.20228905975818634,
            "count": 1
        },
        "Snake.Policy.Entropy.sum": {
            "value": 2132.935791015625,
            "min": 2132.935791015625,
            "max": 2132.935791015625,
            "count": 1
        },
        "Snake.Environment.EpisodeLength.mean": {
            "value": 113.58208955223881,
            "min": 113.58208955223881,
            "max": 113.58208955223881,
            "count": 1
        },
        "Snake.Environment.EpisodeLength.sum": {
            "value": 7610.0,
            "min": 7610.0,
            "max": 7610.0,
            "count": 1
        },
        "Snake.Step.mean": {
            "value": 9981.0,
            "min": 9981.0,
            "max": 9981.0,
            "count": 1
        },
        "Snake.Step.sum": {
            "value": 9981.0,
            "min": 9981.0,
            "max": 9981.0,
            "count": 1
        },
        "Snake.Policy.ExtrinsicValueEstimate.mean": {
            "value": -2.180619955062866,
            "min": -2.180619955062866,
            "max": -2.180619955062866,
            "count": 1
        },
        "Snake.Policy.ExtrinsicValueEstimate.sum": {
            "value": -431.76275634765625,
            "min": -431.76275634765625,
            "max": -431.76275634765625,
            "count": 1
        },
        "Snake.Environment.CumulativeReward.mean": {
            "value": -8.207298535798023,
            "min": -8.207298535798023,
            "max": -8.207298535798023,
            "count": 1
        },
        "Snake.Environment.CumulativeReward.sum": {
            "value": -549.8890018984675,
            "min": -549.8890018984675,
            "max": -549.8890018984675,
            "count": 1
        },
        "Snake.Policy.ExtrinsicReward.mean": {
            "value": -8.207298535798023,
            "min": -8.207298535798023,
            "max": -8.207298535798023,
            "count": 1
        },
        "Snake.Policy.ExtrinsicReward.sum": {
            "value": -549.8890018984675,
            "min": -549.8890018984675,
            "max": -549.8890018984675,
            "count": 1
        },
        "Snake.Losses.PolicyLoss.mean": {
            "value": 0.24707659997895534,
            "min": 0.24707659997895534,
            "max": 0.24707659997895534,
            "count": 1
        },
        "Snake.Losses.PolicyLoss.sum": {
            "value": 18.283668398442696,
            "min": 18.283668398442696,
            "max": 18.283668398442696,
            "count": 1
        },
        "Snake.Losses.ValueLoss.mean": {
            "value": 15.109206080838375,
            "min": 15.109206080838375,
            "max": 15.109206080838375,
            "count": 1
        },
        "Snake.Losses.ValueLoss.sum": {
            "value": 1118.0812499820397,
            "min": 1118.0812499820397,
            "max": 1118.0812499820397,
            "count": 1
        },
        "Snake.Policy.LearningRate.mean": {
            "value": 0.0002969112496782324,
            "min": 0.0002969112496782324,
            "max": 0.0002969112496782324,
            "count": 1
        },
        "Snake.Policy.LearningRate.sum": {
            "value": 0.021971432476189198,
            "min": 0.021971432476189198,
            "max": 0.021971432476189198,
            "count": 1
        },
        "Snake.Policy.Epsilon.mean": {
            "value": 0.19897041621621622,
            "min": 0.19897041621621622,
            "max": 0.19897041621621622,
            "count": 1
        },
        "Snake.Policy.Epsilon.sum": {
            "value": 14.7238108,
            "min": 14.7238108,
            "max": 14.7238108,
            "count": 1
        },
        "Snake.Policy.Beta.mean": {
            "value": 0.0004949550394594595,
            "min": 0.0004949550394594595,
            "max": 0.0004949550394594595,
            "count": 1
        },
        "Snake.Policy.Beta.sum": {
            "value": 0.036626672920000006,
            "min": 0.036626672920000006,
            "max": 0.036626672920000006,
            "count": 1
        },
        "Snake.IsTraining.mean": {
            "value": 1.0,
            "min": 1.0,
            "max": 1.0,
            "count": 1
        },
        "Snake.IsTraining.sum": {
            "value": 1.0,
            "min": 1.0,
            "max": 1.0,
            "count": 1
        }
    },
    "metadata": {
        "timer_format_version": "0.1.0",
        "start_time_seconds": "1718318523",
        "python_version": "3.8.10 (tags/v3.8.10:3d8993a, May  3 2021, 11:48:03) [MSC v.1928 64 bit (AMD64)]",
        "command_line_arguments": "C:\\UnityProjects\\AI Snake\\venv\\Scripts\\mlagents-learn config/snake.yaml --time-scale=1 --run-id=Test40",
        "mlagents_version": "0.29.0",
        "mlagents_envs_version": "0.29.0",
        "communication_protocol_version": "1.5.0",
        "pytorch_version": "1.7.0+cu110",
        "numpy_version": "1.21.2",
        "end_time_seconds": "1718318567"
    },
    "total": 43.640004999999995,
    "count": 1,
    "self": 0.0027149999999878105,
    "children": {
        "run_training.setup": {
            "total": 0.05163479999999998,
            "count": 1,
            "self": 0.05163479999999998
        },
        "TrainerController.start_learning": {
            "total": 43.585655200000005,
            "count": 1,
            "self": 0.011824299999965149,
            "children": {
                "TrainerController._reset_env": {
                    "total": 11.080197100000001,
                    "count": 1,
                    "self": 11.080197100000001
                },
                "TrainerController.advance": {
                    "total": 32.46052930000004,
                    "count": 887,
                    "self": 0.010397400000080381,
                    "children": {
                        "env_step": {
                            "total": 17.594131899999972,
                            "count": 887,
                            "self": 15.963677499999974,
                            "children": {
                                "SubprocessEnvManager._take_step": {
                                    "total": 1.6230015999999559,
                                    "count": 887,
                                    "self": 0.028299899999957745,
                                    "children": {
                                        "TorchPolicy.evaluate": {
                                            "total": 1.5947016999999981,
                                            "count": 824,
                                            "self": 0.5401120999999431,
                                            "children": {
                                                "TorchPolicy.sample_actions": {
                                                    "total": 1.054589600000055,
                                                    "count": 824,
                                                    "self": 1.054589600000055
                                                }
                                            }
                                        }
                                    }
                                },
                                "workers": {
                                    "total": 0.007452800000042004,
                                    "count": 886,
                                    "self": 0.0,
                                    "children": {
                                        "worker_root": {
                                            "total": 31.675683000000028,
                                            "count": 886,
                                            "is_parallel": true,
                                            "self": 17.683492500000106,