{
    "name": "root",
    "gauges": {
        "Snake.Policy.Entropy.mean": {
            "value": 0.18011891841888428,
            "min": 0.18011891841888428,
            "max": 0.5346020460128784,
            "count": 11
        },
        "Snake.Policy.Entropy.sum": {
            "value": 1804.7916259765625,
            "min": 1804.7916259765625,
            "max": 5363.12744140625,
            "count": 11
        },
        "Snake.Environment.EpisodeLength.mean": {
            "value": 29.559633027522935,
            "min": 28.291545189504372,
            "max": 32.31,
            "count": 11
        },
        "Snake.Environment.EpisodeLength.sum": {
            "value": 9666.0,
            "min": 9660.0,
            "max": 9704.0,
            "count": 11
        },
        "Snake.Step.mean": {
            "value": 109987.0,
            "min": 9977.0,
            "max": 109987.0,
            "count": 11
        },
        "Snake.Step.sum": {
            "value": 109987.0,
            "min": 9977.0,
            "max": 109987.0,
            "count": 11
        },
        "Snake.Policy.ExtrinsicValueEstimate.mean": {
            "value": -15.957066535949707,
            "min": -17.105661392211914,
            "max": -15.534563064575195,
            "count": 11
        },
        "Snake.Policy.ExtrinsicValueEstimate.sum": {
            "value": -5361.57421875,
            "min": -5434.2490234375,
            "max": -5140.3232421875,
            "count": 11
        },
        "Snake.Policy.GailValueEstimate.mean": {
            "value": 3.731412887573242,
            "min": 3.016911506652832,
            "max": 5.991456031799316,
            "count": 11
        },
        "Snake.Policy.GailValueEstimate.sum": {
            "value": 1253.7547607421875,
            "min": 1052.902099609375,
            "max": 1845.3685302734375,
            "count": 11
        },
        "Snake.Environment.CumulativeReward.mean": {
            "value": -24.822440113860896,
            "min": -26.619742911656697,
            "max": -24.2166455543793,
            "count": 11
        },
        "Snake.Environment.CumulativeReward.sum": {
            "value": -8116.937917232513,
            "min": -8365.803803443909,
            "max": -7919.850871086121,
            "count": 11
        },
        "Snake.Policy.ExtrinsicReward.mean": {
            "value": -24.822440113860896,
            "min": -26.619742911656697,
            "max": -24.2166455543793,
            "count": 11
        },
        "Snake.Policy.ExtrinsicReward.sum": {
            "value": -8116.937917232513,
            "min": -8365.803803443909,
            "max": -7919.850871086121,
            "count": 11
        },
        "Snake.Policy.GailReward.mean": {
            "value": 7.7408397340098976,
            "min": 7.07982244574378,
            "max": 12.355462333001196,
            "count": 11
        },
        "Snake.Policy.GailReward.sum": {
            "value": 2531.2545930212364,
            "min": 2411.5124850254506,
            "max": 3706.638699900359,
            "count": 11
        },
        "Snake.Losses.PolicyLoss.mean": {
            "value": 0.2472246025591258,
            "min": 0.2417473923586414,
            "max": 0.253913293297103,
            "count": 11
        },
        "Snake.Losses.PolicyLoss.sum": {
            "value": 20.766866614966567,
            "min": 19.971834393153483,
            "max": 21.22341276527536,
            "count": 11
        },
        "Snake.Losses.ValueLoss.mean": {
            "value": 9.285537316628822,
            "min": 9.285537316628822,
            "max": 50.28450401921503,
            "count": 11
        },
        "Snake.Losses.ValueLoss.sum": {
            "value": 779.985134596821,
            "min": 779.985134596821,
            "max": 4073.0448255564174,
            "count": 11
        },
        "Snake.Policy.LearningRate.mean": {
            "value": 0.000237008928139888,
            "min": 0.000237008928139888,
            "max": 0.0002969162454723629,
            "count": 11
        },
        "Snake.Policy.LearningRate.sum": {
            "value": 0.019908749963750593,
            "min": 0.019908749963750593,
            "max": 0.0241504076498642,
            "count": 11
        },
        "Snake.Policy.Epsilon.mean": {
            "value": 0.1790029690476191,
            "min": 0.1790029690476191,
            "max": 0.19897208148148146,
            "count": 11
        },
        "Snake.Policy.Epsilon.sum": {
            "value": 15.036249400000003,
            "min": 14.8413322,
            "max": 16.3501358,
            "count": 11
        },
        "Snake.Policy.Beta.mean": {
            "value": 0.00039711454833333344,
            "min": 0.00039711454833333344,
            "max": 0.0004949631992592592,
            "count": 11
        },
        "Snake.Policy.Beta.sum": {
            "value": 0.03335762206000001,
            "min": 0.03335762206000001,
            "max": 0.04027566542,
            "count": 11
        },
        "Snake.Policy.GAILPolicyEstimate.mean": {
            "value": 0.27988526060444585,
            "min": 0.2737232777576597,
            "max": 0.3480792845611982,
            "count": 11
        },
        "Snake.Policy.GAILPolicyEstimate.sum": {
            "value": 23.51036189077345,
            "min": 23.19403233902828,
            "max": 28.194422049457053,
            "count": 11
        },
        "Snake.Policy.GAILExpertEstimate.mean": {
            "value": 0.6642369637097729,
            "min": 0.5872637361484329,
            "max": 0.6642369637097729,
            "count": 11
        },
        "Snake.Policy.GAILExpertEstimate.sum": {
            "value": 55.795904951620926,
            "min": 47.56836262802306,
            "max": 56.167152159717624,
            "count": 11
        },
        "Snake.Losses.GAILLoss.mean": {
            "value": 0.81979102456115,
            "min": 0.8176442951879529,
            "max": 1.1399761658233007,
            "count": 11
        },
        "Snake.Losses.GAILLoss.sum": {
            "value": 68.8624460631366,
            "min": 68.8624460631366,
            "max": 92.33806943168736,
            "count": 11
        },
        "Snake.Policy.GAILGradMagLoss.mean": {
            "value": 0.11694114038289721,
            "min": 0.11558735503771127,
            "max": 1.466160513800378,
            "count": 11
        },
        "Snake.Policy.GAILGradMagLoss.sum": {
            "value": 9.823055792163366,
            "min": 9.478163113092323,
            "max": 118.75900161783062,
            "count": 11
        },
        "Snake.Losses.PretrainingLoss.mean": {
            "value": 0.36122277221404064,
            "min": 0.36122277221404064,
            "max": 0.6688224262542593,
            "count": 11
        },
        "Snake.Losses.PretrainingLoss.sum": {
            "value": 30.342712865979415,
            "min": 30.342712865979415,
            "max": 54.174616526595,
            "count": 11
        },
        "Snake.IsTraining.mean": {
            "value": 1.0,
            "min": 1.0,
            "max": 1.0,
            "count": 11
        },
        "Snake.IsTraining.sum": {
            "value": 1.0,
            "min": 1.0,
            "max": 1.0,
            "count": 11
        }
    },
    "metadata": {
        "timer_format_version": "0.1.0",
        "start_time_seconds": "1718314747",
        "python_version": "3.8.10 (tags/v3.8.10:3d8993a, May  3 2021, 11:48:03) [MSC v.1928 64 bit (AMD64)]",
        "command_line_arguments": "C:\\UnityProjects\\AI Snake\\venv\\Scripts\\mlagents-learn config/snake.yaml --time-scale=1 --run-id=Test32",
        "mlagents_version": "0.29.0",
        "mlagents_envs_version": "0.29.0",
        "communication_protocol_version": "1.5.0",
        "pytorch_version": "1.7.0+cu110",
        "numpy_version": "1.21.2",
        "end_time_seconds": "1718316127"
    },
    "total": 1379.9410731,
    "count": 1,