{
    "name": "root",
    "metadata": {
        "timer_format_version": "0.1.0",
        "start_time_seconds": "1718312154",
        "python_version": "3.8.10 (tags/v3.8.10:3d8993a, May  3 2021, 11:48:03) [MSC v.1928 64 bit (AMD64)]",
        "command_line_arguments": "C:\\UnityProjects\\AI Snake\\venv\\Scripts\\mlagents-learn config/snake.yaml --time-scale=1 --run-id=Test23",
        "mlagents_version": "0.29.0",
        "mlagents_envs_version": "0.29.0",
        "communication_protocol_version": "1.5.0",
        "pytorch_version": "1.7.0+cu110",
        "numpy_version": "1.21.2",
        "end_time_seconds": "1718312207"
    },
    "total": 52.432660799999994,
    "count": 1,
    "self": 0.0027046999999953414,
    "children": {
        "run_training.setup": {
            "total": 0.05152390000000007,
            "count": 1,
            "self": 0.05152390000000007
        },
        "TrainerController.start_learning": {
            "total": 52.3784322,
            "count": 1,
            "self": 0.015580199999988054,
            "children": {
                "TrainerController._reset_env": {
                    "total": 12.1354988,
                    "count": 1,
                    "self": 12.1354988
                },
                "TrainerController.advance": {
                    "total": 40.19127470000001,
                    "count": 1169,
                    "self": 0.012114100000161443,
                    "children": {
                        "env_step": {
                            "total": 34.527192199999874,
                            "count": 1169,
                            "self": 32.1874018999999,
                            "children": {
                                "SubprocessEnvManager._take_step": {
                                    "total": 2.3306287999999675,
                                    "count": 1169,
                                    "self": 0.035012199999926,
                                    "children": {
                                        "TorchPolicy.evaluate": {
                                            "total": 2.2956166000000415,
                                            "count": 1141,
                                            "self": 0.8986016000000046,
                                            "children": {
                                                "TorchPolicy.sample_actions": {
                                                    "total": 1.397015000000037,
                                                    "count": 1141,
                                                    "self": 1.397015000000037
                                                }
                                            }
                                        }
                                    }
                                },
                                "workers": {
                                    "total": 0.009161500000006484,
                                    "count": 1168,
                                    "self": 0.0,
                                    "children": {
                                        "worker_root": {
                                            "total": 31.38007829999998,
                                            "count": 1168,
                                            "is_parallel": true,
                                            "self": 9.466257700000014,
                                            "children": {
                                                "steps_from_proto": {
                                                    "total": 0.0002808999999999173,
                                                    "count": 1,
                                                    "is_parallel": true,
                                                    "self": 0.00013490000000082603,
                                                    "children": {
                                                        "_process_rank_one_or_two_observation": {
                                                            "total": 0.0001459999999990913,
                                                            "count": 2,
                                                            "is_parallel": true,
                                                            "self": 0.0001459999999990913
                                                        }
                                                    }
                                                },
                                                "UnityEnvironment.step": {
                                                    "total": 21.913539699999966,
                                                    "count": 1168,
                                                    "is_parallel": true,
                                                    "self": 0.0640212999998937,
                                                    "children": {
                                                        "UnityEnvironment._generate_step_input": {
                                                            "total": 0.06192320000000251,
                                                            "count": 1168,
                                                            "is_parallel": true,
                                                            "self": 0.06192320000000251
                                                        },
                                                        "communicator.exchange": {
                                                            "total": 21.57377780000005,
                                                            "count": 1168,
                                                            "is_parallel": true,
                                                            "self": 21.57377780000005
                                                        },
                                                        "steps_from_proto": {
                                                            "total": 0.21381740000001592,
                                                            "count": 1168,
                                                            "is_parallel": true,
                                                            "self": 0.12101879999994836,
                                                            "children": {
                                                                "_process_rank_one_or_two_observation": {
                                                                    "total": 0.09279860000006757,
                                                                    "count": 2336,
                                                                    "is_parallel": true,
                                                                    "self": 0.09279860000006757
                                                                }
                                                            }
                                                        }
                                                    }
                                                }
                                            }
                                        }
                                    }
                                }
                            }
                        },
                        "trainer_advance": {
                            "total": 5.651968399999973,
                            "count": 1168,
                            "self": 0.020311000000033275,
                            "children": {
                                "process_trajectory": {
                                    "total": 0.19367849999994213,
                                    "count": 1168,
                                    "self": 0.19367849999994213
                                },