{
    "name": "root",
    "metadata": {
        "timer_format_version": "0.1.0",
        "start_time_seconds": "1718319682",
        "python_version": "3.8.10 (tags/v3.8.10:3d8993a, May  3 2021, 11:48:03) [MSC v.1928 64 bit (AMD64)]",
        "command_line_arguments": "C:\\UnityProjects\\AI Snake\\venv\\Scripts\\mlagents-learn config/snake.yaml --time-scale=1 --run-id=Test46",
        "mlagents_version": "0.29.0",
        "mlagents_envs_version": "0.29.0",
        "communication_protocol_version": "1.5.0",
        "pytorch_version": "1.7.0+cu110",
        "numpy_version": "1.21.2",
        "end_time_seconds": "1718319729"
    },
    "total": 47.3483928,
    "count": 1,
    "self": 0.0028098000000014167,
    "children": {
        "run_training.setup": {
            "total": 0.05204720000000007,
            "count": 1,
            "self": 0.05204720000000007
        },
        "TrainerController.start_learning": {
            "total": 47.2935358,
            "count": 1,
            "self": 0.01241650000004313,
            "children": {
                "TrainerController._reset_env": {
                    "total": 11.713408999999999,
                    "count": 1,
                    "self": 11.713408999999999
                },
                "TrainerController.advance": {
                    "total": 35.53434329999996,
                    "count": 880,
                    "self": 0.009842599999949186,
                    "children": {
                        "env_step": {
                            "total": 27.567381500000003,
                            "count": 880,
                            "self": 26.68708570000009,
                            "children": {
                                "SubprocessEnvManager._take_step": {
                                    "total": 0.8735326999999593,
                                    "count": 880,
                                    "self": 0.01307509999999823,
                                    "children": {
                                        "TorchPolicy.evaluate": {
                                            "total": 0.8604575999999611,
                                            "count": 296,
                                            "self": 0.2131308999999444,
                                            "children": {
                                                "TorchPolicy.sample_actions": {
                                                    "total": 0.6473267000000167,
                                                    "count": 296,
                                                    "self": 0.6473267000000167
                                                }
                                            }
                                        }
                                    }
                                },
                                "workers": {
                                    "total": 0.006763099999952615,
                                    "count": 879,
                                    "self": 0.0,
                                    "children": {
                                        "worker_root": {
                                            "total": 19.070953800000044,
                                            "count": 879,
                                            "is_parallel": true,
                                            "self": 10.068205100000066,
                                            "children": {
                                                "steps_from_proto": {
                                                    "total": 0.0003498000000003998,
                                                    "count": 1,
                                                    "is_parallel": true,
                                                    "self": 0.00016930000000137113,
                                                    "children": {
                                                        "_process_rank_one_or_two_observation": {
                                                            "total": 0.00018049999999902866,
                                                            "count": 2,
                                                            "is_parallel": true,
                                                            "self": 0.00018049999999902866
                                                        }
                                                    }
                                                },
                                                "UnityEnvironment.step": {
                                                    "total": 9.002398899999978,
                                                    "count": 879,
                                                    "is_parallel": true,
                                                    "self": 0.058060599999919305,
                                                    "children": {
                                                        "UnityEnvironment._generate_step_input": {
                                                            "total": 0.04512729999999898,
                                                            "count": 879,
                                                            "is_parallel": true,
                                                            "self": 0.04512729999999898
                                                        },
                                                        "communicator.exchange": {
                                                            "total": 8.753309100000013,
                                                            "count": 879,
                                                            "is_parallel": true,
                                                            "self": 8.753309100000013
                                                        },
                                                        "steps_from_proto": {
                                                            "total": 0.14590190000004633,
                                                            "count": 879,
                                                            "is_parallel": true,
                                                            "self": 0.06909879999994217,
                                                            "children": {
                                                                "_process_rank_one_or_two_observation": {
                                                                    "total": 0.07680310000010415,
                                                                    "count": 1758,
                                                                    "is_parallel": true,
                                                                    "self": 0.07680310000010415
                                                                }
                                                            }
                                                        }
                                                    }
                                                }
                                            }
                                        }
                                    }
                                }
                            }
                        },
                        "trainer_advance": {
                            "total": 7.957119200000006,
                            "count": 879,
                            "self": 0.010465000000094093,
                            "children": {
                                "process_trajectory": {
                                    "total": 2.5045454999999244,
                                    "count": 879,
                                    "self": 2.5045454999999244
                                },