{
    "name": "root",
    "gauges": {
        "Snake.Policy.Entropy.mean": {
            "value": 0.5688385367393494,
            "min": 0.5147221684455872,
            "max": 0.588816225528717,
            "count": 66
        },
        "Snake.Policy.Entropy.sum": {
            "value": 364.0566711425781,
            "min": 66.97203826904297,
            "max": 2242.808349609375,
            "count": 66
        },
        "Snake.Step.mean": {
            "value": 75952.0,
            "min": 960.0,
            "max": 75952.0,
            "count": 76
        },
        "Snake.Step.sum": {
            "value": 75952.0,
            "min": 960.0,
            "max": 75952.0,
            "count": 76
        },
        "Snake.Policy.ExtrinsicValueEstimate.mean": {
            "value": 1.864609718322754,
            "min": 1.684356927871704,
            "max": 1.9492485523223877,
            "count": 76
        },
        "Snake.Policy.ExtrinsicValueEstimate.sum": {
            "value": 29.833755493164062,
            "min": 25.26535415649414,
            "max": 39.8002815246582,
            "count": 76
        },
        "Snake.IsTraining.mean": {
            "value": 1.0,
            "min": 1.0,
            "max": 1.0,
            "count": 76
        },
        "Snake.IsTraining.sum": {
            "value": 1.0,
            "min": 1.0,
            "max": 1.0,
            "count": 76
        },
        "Snake.Environment.EpisodeLength.mean": {
            "value": 399.5,
            "min": 97.75,
            "max": 504.5,
            "count": 63
        },
        "Snake.Environment.EpisodeLength.sum": {
            "value": 1598.0,
            "min": 116.0,
            "max": 2816.0,
            "count": 63
        },
        "Snake.Environment.CumulativeReward.mean": {
            "value": 9.649749860167503,
            "min": 0.534000039100647,
            "max": 13.979749903082848,
            "count": 63
        },
        "Snake.Environment.CumulativeReward.sum": {
            "value": 38.59899944067001,
            "min": 0.534000039100647,
            "max": 72.71500021219254,
            "count": 63
        },
        "Snake.Policy.ExtrinsicReward.mean": {
            "value": 9.649749860167503,
            "min": 0.534000039100647,
            "max": 13.979749903082848,
            "count": 63
        },
        "Snake.Policy.ExtrinsicReward.sum": {
            "value": 38.59899944067001,
            "min": 0.534000039100647,
            "max": 72.71500021219254,
            "count": 63
        },
        "Snake.Losses.PolicyLoss.mean": {
            "value": 0.024432058283127844,
            "min": 0.019693412988757094,
            "max": 0.02598963122194012,
            "count": 3
        },
        "Snake.Losses.PolicyLoss.sum": {
            "value": 0.024432058283127844,
            "min": 0.019693412988757094,
            "max": 0.02598963122194012,
            "count": 3
        },
        "Snake.Losses.ValueLoss.mean": {
            "value": 0.23840651710828145,
            "min": 0.1669618015487989,
            "max": 0.2531233265995979,
            "count": 3
        },
        "Snake.Losses.ValueLoss.sum": {
            "value": 0.23840651710828145,
            "min": 0.1669618015487989,
            "max": 0.2531233265995979,
            "count": 3
        },
        "Snake.Policy.LearningRate.mean": {
            "value": 0.00029999630028123333,
            "min": 0.00029999630028123333,
            "max": 0.00029999876820041067,
            "count": 3
        },
        "Snake.Policy.LearningRate.sum": {
            "value": 0.00029999630028123333,
            "min": 0.00029999630028123333,
            "max": 0.00029999876820041067,
            "count": 3
        },
        "Snake.Policy.Epsilon.mean": {
            "value": 0.19999876676000003,
            "min": 0.19999876676000003,
            "max": 0.19999958940000004,
            "count": 3
        },
        "Snake.Policy.Epsilon.sum": {
            "value": 0.19999876676000003,
            "min": 0.19999876676000003,
            "max": 0.19999958940000004,
            "count": 3
        },
        "Snake.Policy.Beta.mean": {
            "value": 0.009999876799324002,
            "min": 0.009999876799324002,
            "max": 0.009999958981059999,
            "count": 3
        },
        "Snake.Policy.Beta.sum": {
            "value": 0.009999876799324002,
            "min": 0.009999876799324002,
            "max": 0.009999958981059999,
            "count": 3
        }
    },
    "metadata": {
        "timer_format_version": "0.1.0",
        "start_time_seconds": "1718383180",
        "python_version": "3.8.10 (tags/v3.8.10:3d8993a, May  3 2021, 11:48:03) [MSC v.1928 64 bit (AMD64)]",
        "command_line_arguments": "C:\\UnityProjects\\AI Snake\\venv\\Scripts\\mlagents-learn config/snake.yaml --time-scale=1 --run-id=SnakeFinalMaybe --initialize-from=SnakeNew3",
        "mlagents_version": "0.29.0",
        "mlagents_envs_version": "0.29.0",
        "communication_protocol_version": "1.5.0",
        "pytorch_version": "1.7.0+cu110",
        "numpy_version": "1.21.2",
        "end_time_seconds": "1718383228"
    },
    "total": 48.2410878,
    "count": 1,
    "self": 0.0033150000000077284,
    "children": {
        "run_training.setup": {
            "total": 0.049669899999999934,
            "count": 1,
            "self": 0.049669899999999934
        },
        "TrainerController.start_learning": {
            "total": 48.1881029,
            "count": 1,
            "self": 0.021363399999991373,
            "children": {
                "TrainerController._reset_env": {
                    "total": 10.371382,
                    "count": 1,
                    "self": 10.371382
                },
                "TrainerController.advance": {
                    "total": 37.75706100000001,
                    "count": 1400,
                    "self": 0.01939729999999429,
                    "children": {
                        "env_step": {
                            "total": 28.234292399999948,
                            "count": 1400,
                            "self": 25.61420819999995,
                            "children": {
                                "SubprocessEnvManager._take_step": {
                                    "total": 2.6078101000000746,
                                    "count": 1400,
                                    "self": 0.055975100000095424,
                                    "children": {
                                        "TorchPolicy.evaluate": {
                                            "total": 2.551834999999979,
                                            "count": 1220,
                                            "self": 1.0108073999999618,
                                            "children": {
                                                "TorchPolicy.sample_actions": {
                                                    "total": 1.5410276000000174,
                                                    "count": 1220,
                                                    "self": 1.5410276000000174
                                                }
                                            }
                                        }
                                    }
                                },
                                "workers": {
                                    "total": 0.012274099999920907,
                                    "count": 1400,
                                    "self": 0.0,
                                    "children": {
                                        "worker_root": {
                                            "total": 38.4924655,
                                            "count": 1400,
                                            "is_parallel": true,
                                            "self": 14.877335599999974,