{
    "name": "root",
    "metadata": {
        "timer_format_version": "0.1.0",
        "start_time_seconds": "1718310306",
        "python_version": "3.8.10 (tags/v3.8.10:3d8993a, May  3 2021, 11:48:03) [MSC v.1928 64 bit (AMD64)]",
        "command_line_arguments": "C:\\UnityProjects\\AI Snake\\venv\\Scripts\\mlagents-learn config/snake.yaml --time-scale=1 --run-id=Test5",
        "mlagents_version": "0.29.0",
        "mlagents_envs_version": "0.29.0",
        "communication_protocol_version": "1.5.0",
        "pytorch_version": "1.7.0+cu110",
        "numpy_version": "1.21.2",
        "end_time_seconds": "1718310414"
    },
    "total": 108.17749309999999,
    "count": 1,
    "self": 0.003932299999988231,
    "children": {
        "run_training.setup": {
            "total": 0.051730900000000024,
            "count": 1,
            "self": 0.051730900000000024
        },
        "TrainerController.start_learning": {
            "total": 108.12182990000001,
            "count": 1,
            "self": 0.05010069999997313,
            "children": {
                "TrainerController._reset_env": {
                    "total": 9.439267399999999,
                    "count": 1,
                    "self": 9.238720599999997,
                    "children": {
                        "demo_to_buffer": {
                            "total": 0.20054680000000147,
                            "count": 2,
                            "self": 5.950000000076727e-05,
                            "children": {
                                "load_demonstration": {
                                    "total": 0.004706500000001057,
                                    "count": 2,
                                    "self": 0.004596300000001108,
                                    "children": {
                                        "read_file": {
                                            "total": 0.00011019999999994923,
                                            "count": 2,
                                            "self": 0.00011019999999994923
                                        }
                                    }
                                },
                                "make_demo_buffer": {
                                    "total": 0.19578079999999964,
                                    "count": 2,
                                    "self": 0.03901330000007874,
                                    "children": {
                                        "steps_from_proto": {
                                            "total": 0.1567674999999209,
                                            "count": 4864,
                                            "self": 0.10232809999995851,
                                            "children": {
                                                "_process_rank_one_or_two_observation": {
                                                    "total": 0.05443939999996239,
                                                    "count": 9728,
                                                    "self": 0.05443939999996239
                                                }
                                            }
                                        }
                                    }
                                }
                            }
                        }
                    }
                },
                "TrainerController.advance": {
                    "total": 98.58832240000005,
                    "count": 4235,
                    "self": 0.040104900000017096,
                    "children": {
                        "env_step": {
                            "total": 69.13573440000046,
                            "count": 4235,
                            "self": 64.03786340000087,
                            "children": {
                                "SubprocessEnvManager._take_step": {
                                    "total": 5.065991699999813,
                                    "count": 4235,
                                    "self": 0.1414095999994025,
                                    "children": {
                                        "TorchPolicy.evaluate": {
                                            "total": 4.924582100000411,
                                            "count": 4135,
                                            "self": 2.5496051000002797,
                                            "children": {
                                                "TorchPolicy.sample_actions": {
                                                    "total": 2.374977000000131,
                                                    "count": 4135,
                                                    "self": 2.374977000000131
                                                }
                                            }
                                        }
                                    }
                                },
                                "workers": {
                                    "total": 0.031879299999770794,
                                    "count": 4234,
                                    "self": 0.0,
                                    "children": {
                                        "worker_root": {
                                            "total": 93.94628940000078,
                                            "count": 4234,
                                            "is_parallel": true,
                                            "self": 36.88826390000044,
                                            "children": {
                                                "steps_from_proto": {
                                                    "total": 0.00024319999999988795,
                                                    "count": 1,
                                                    "is_parallel": true,
                                                    "self": 9.559999999986246e-05,
                                                    "children": {
                                                        "_process_rank_one_or_two_observation": {
                                                            "total": 0.0001476000000000255,
                                                            "count": 2,
                                                            "is_parallel": true,
                                                            "self": 0.0001476000000000255
                                                        }
                                                    }
                                                },
                                                "UnityEnvironment.step": {
                                                    "total": 57.05778230000034,
                                                    "count": 4234,
                                                    "is_parallel": true,
                                                    "self": 0.2032212000004776,
                                                    "children": {
                                                        "UnityEnvironment._generate_step_input": {
                                                            "total": 0.14588480000007564,
                                                            "count": 4234,
                                                            "is_parallel": true,
                                                            "self": 0.14588480000007564
                                                        },
                                                        "communicator.exchange": {
                                                            "total": 56.169966599999874,
                                                            "count": 4234,
                                                            "is_parallel": true,