{
    "name": "root",
    "gauges": {
        "Snake.Policy.Entropy.mean": {
            "value": 0.7170554399490356,
            "min": 0.7071151733398438,
            "max": 0.7332831621170044,
            "count": 12
        },
        "Snake.Policy.Entropy.sum": {
            "value": 35703.625,
            "min": 35208.6796875,
            "max": 38552.46875,
            "count": 12
        },
        "Snake.Environment.EpisodeLength.mean": {
            "value": 785.968253968254,
            "min": 541.26,
            "max": 826.6727272727272,
            "count": 12
        },
        "Snake.Environment.EpisodeLength.sum": {
            "value": 49516.0,
            "min": 27063.0,
            "max": 57504.0,
            "count": 12
        },
        "Snake.Step.mean": {
            "value": 599916.0,
            "min": 49944.0,
            "max": 599916.0,
            "count": 12
        },
        "Snake.Step.sum": {
            "value": 599916.0,
            "min": 49944.0,
            "max": 599916.0,
            "count": 12
        },
        "Snake.Policy.ExtrinsicValueEstimate.mean": {
            "value": 1.2757768630981445,
            "min": 1.1159130334854126,
            "max": 1.2757768630981445,
            "count": 12
        },
        "Snake.Policy.ExtrinsicValueEstimate.sum": {
            "value": 539.6536254882812,
            "min": 471.46630859375,
            "max": 539.6536254882812,
            "count": 12
        },
        "Snake.Environment.CumulativeReward.mean": {
            "value": 11.72657110246401,
            "min": 6.89834678051423,
            "max": 11.927036020430652,
            "count": 12
        },
        "Snake.Environment.CumulativeReward.sum": {
            "value": 738.7739794552326,
            "min": 338.0189922451973,
            "max": 814.784980148077,
            "count": 12
        },
        "Snake.Policy.ExtrinsicReward.mean": {
            "value": 11.72657110246401,
            "min": 6.89834678051423,
            "max": 11.927036020430652,
            "count": 12
        },
        "Snake.Policy.ExtrinsicReward.sum": {
            "value": 738.7739794552326,
            "min": 338.0189922451973,
            "max": 814.784980148077,
            "count": 12
        },
        "Snake.Losses.PolicyLoss.mean": {
            "value": 0.09625952706704971,
            "min": 0.09625952706704971,
            "max": 0.10219957628736877,
            "count": 12
        },
        "Snake.Losses.PolicyLoss.sum": {
            "value": 0.19251905413409942,
            "min": 0.19251905413409942,
            "max": 0.3065987288621063,
            "count": 12
        },
        "Snake.Losses.ValueLoss.mean": {
            "value": 0.10701285369770638,
            "min": 0.0864916361018303,
            "max": 0.12304361126465899,
            "count": 12
        },
        "Snake.Losses.ValueLoss.sum": {
            "value": 0.21402570739541277,
            "min": 0.1729832722036606,
            "max": 0.35215485576773065,
            "count": 12
        },
        "Snake.Policy.LearningRate.mean": {
            "value": 0.00010000000000000002,
            "min": 0.00010000000000000002,
            "max": 0.00010000000000000003,
            "count": 12
        },
        "Snake.Policy.LearningRate.sum": {
            "value": 0.00020000000000000004,
            "min": 0.00020000000000000004,
            "max": 0.0003000000000000001,
            "count": 12
        },
        "Snake.Policy.Epsilon.mean": {
            "value": 0.20000000000000004,
            "min": 0.19999999999999996,
            "max": 0.20000000000000004,
            "count": 12
        },
        "Snake.Policy.Epsilon.sum": {
            "value": 0.4000000000000001,
            "min": 0.3999999999999999,
            "max": 0.6000000000000001,
            "count": 12
        },
        "Snake.Policy.Beta.mean": {
            "value": 0.02,
            "min": 0.019999999999999997,
            "max": 0.02,
            "count": 12
        },
        "Snake.Policy.Beta.sum": {
            "value": 0.04,
            "min": 0.039999999999999994,
            "max": 0.060000000000000005,
            "count": 12
        },
        "Snake.IsTraining.mean": {
            "value": 1.0,
            "min": 1.0,
            "max": 1.0,
            "count": 12
        },
        "Snake.IsTraining.sum": {
            "value": 1.0,
            "min": 1.0,
            "max": 1.0,
            "count": 12
        }
    },
    "metadata": {
        "timer_format_version": "0.1.0",
        "start_time_seconds": "1718412119",
        "python_version": "3.8.10 (tags/v3.8.10:3d8993a, May  3 2021, 11:48:03) [MSC v.1928 64 bit (AMD64)]",
        "command_line_arguments": "C:\\UnityProjects\\AI Snake\\venv\\Scripts\\mlagents-learn config/snake.yaml --time-scale=1 --run-id=SnakeRaysInfinite9 --initialize-from=SnakeRaysInfinite5",
        "mlagents_version": "0.29.0",
        "mlagents_envs_version": "0.29.0",
        "communication_protocol_version": "1.5.0",
        "pytorch_version": "1.7.0+cu110",
        "numpy_version": "1.21.2",
        "end_time_seconds": "1718412746"
    },
    "total": 627.3422889000001,
    "count": 1,
    "self": 0.0030433000000584798,
    "children": {
        "run_training.setup": {
            "total": 0.051778699999999955,
            "count": 1,
            "self": 0.051778699999999955
        },
        "TrainerController.start_learning": {
            "total": 627.2874669,
            "count": 1,
            "self": 0.1544140000050902,
            "children": {
                "TrainerController._reset_env": {
                    "total": 24.807813999999997,
                    "count": 1,
                    "self": 24.807813999999997
                },
                "TrainerController.advance": {
                    "total": 602.287168999995,
                    "count": 10041,
                    "self": 0.1470159999940961,
                    "children": {
                        "env_step": {
                            "total": 379.5228401999986,
                            "count": 10041,
                            "self": 359.17346289999614,
                            "children": {
                                "SubprocessEnvManager._take_step": {
                                    "total": 20.256953900001434,
                                    "count": 10041,
                                    "self": 0.4539225000016458,
                                    "children": {
                                        "TorchPolicy.evaluate": {
                                            "total": 19.80303139999979,
                                            "count": 9482,
                                            "self": 9.390810399997832,
                                            "children": {
                                                "TorchPolicy.sample_actions": {
                                                    "total": 10.412221000001956,
                                                    "count": 9482,
                                                    "self": 10.412221000001956
                                                }
                                            }
                                        }
                                    }
                                },
                                "workers": {
                                    "total": 0.09242340000101379,
                                    "count": 10040,
                                    "self": 0.0,
                                    "children": {
                                        "worker_root": {
                                            "total": 603.0182065000014,
                                            "count": 10040,
                                            "is_parallel": true,
                                            "self": 260.85873419999996,